{
  "Routes": [
    {
      "DownstreamPathTemplate": "/api/GetUsers",
      "DownstreamScheme": "https",
      "DownstreamHostAndPorts": [
        {
          "Host": "localhost",
          "Port": 5001
        }
      ],
      "UpstreamPathTemplate": "/gateway/GetUsers",
      "UpstreamHttpMethod": [
        "GET",
        "POST",
        "PUT",
        "DELETE"
      ],
      "SwaggerKey": "identity"
    },
    {
      "DownstreamPathTemplate": "/api/AddUser",
      "DownstreamScheme": "https",
      "DownstreamHostAndPorts": [
        {
          "Host": "localhost",
          "Port": 5001
        }
      ],
      "UpstreamPathTemplate": "/gateway/AddUser",
      "UpstreamHttpMethod": [
        "GET",
        "POST",
        "PUT",
        "DELETE"
      ],
      "SwaggerKey": "identity",
      "AuthenticationOptions": {
        "AuthenticationProviderKey": "AuthProviderKey",
        "AllowScopes": []
      },
      "AddHeadersToRequest": {
        "UserId": "Claims[UserId]>value>|"
      }
    }
  ],
  "SwaggerEndPoints": [
    {
      "Key": "identity",
      "Config": [
        {
          "Name": "identity API",
          "Version": "v1",
          "Url": "https://localhost:5001/swagger/v1/swagger.json"
        }
      ]
    }
  ],
  "GlobalConfiguration": {
    "BaseUrl": "https://localhost:44394"
  }
}