{
  "Configuration": {
    "bar": {
      "Heading": true,
      "Name": true,
      "Axis": true,
      "DataSource": true,
      "Legend": true,
      "Column": false,
      "Fill": false,
      "DataSet": true,
      "Aggregate": true,
      "Source": false,
      "Value": false,
      "TableStyle": false,
      "TableHeaderStyle":false,
      "TableBorderStyle":false,
      "Style":true,
      "Styles": {
        "BorderColor": true,
        "BorderWidth": true,
        "BackGroundColor": true
      },
      "Description": true
    },
    "line": {
      "Heading": true,
      "Name": true,
      "Axis": true,
      "DataSource": true,
      "Legend": true,
      "Column": false,
      "Fill": true,
      "DataSet": true,
      "Aggregate": true,
      "Source": false,
      "Value": false,
      "TableStyle": false,
      "TableHeaderStyle":false,
      "TableBorderStyle":false,
      "Style":true,
      "Styles": {
        "BorderColor": true,
        "BorderWidth": true,
        "BackGroundColor": true
      },
      "Description": true
    },
    "pie": {
      "Heading": true,
      "Name": true,
      "Axis": false,
      "DataSource": true,
      "Legend": true,
      "Column": false,
      "Fill": false,
      "DataSet": true,
      "Aggregate": true,
      "Source": true,
      "Value": true,
      "TableStyle": false,
      "TableHeaderStyle":false,
      "TableBorderStyle":false,
      "Style":true,
      "Styles": {
        "BorderColor": false,
        "BorderWidth": false,
        "BackGroundColor": true
      },
      "Description": true
    },
    "doughnut": {
      "Heading": true,
      "Name": true,
      "Axis": false,
      "DataSource": true,
      "Legend": true,
      "Column": false,
      "Source": true,
      "Value": true,
      "Fill": false,
      "DataSet": true,
      "Aggregate": true,
      "TableStyle": false,
      "TableHeaderStyle":false,
      "TableBorderStyle":false,
      "Style":true,
      "Styles": {
        "BorderColor": false,
        "BorderWidth": false,
        "BackGroundColor": true
      },
      "Description": true
    },
    "table": {
      "Heading": true,
      "Name": true,
      "Axis": false,
      "DataSource": true,
      "Legend": false,
      "Column": true,
      "Fill": false,
      "DataSet": true,
      "Aggregate": false,
      "Source": false,
      "Value": false,
      "TableStyle": true,
      "TableHeaderStyle":true,
      "TableBorderStyle":true,
      "Style":false,
      "Styles": {
        "BorderColor": false,
        "BorderWidth": false,
        "BackGroundColor": false
      }
    },
    "textarea": {
      "Heading": true,
      "Name": true,
      "Axis": false,
      "DataSource": false,
      "Legend": false,
      "Column": false,
      "Source": false,
      "Value": false,
      "Fill": false,
      "DataSet": false,
      "Aggregate": false,
      "TableStyle": false,
      "TableHeaderStyle":false,
      "TableBorderStyle":false,
      "Style":false,
      "Styles": {
        "BorderColor": false,
        "BorderWidth": false,
        "BackGroundColor": false
      },
      "Description": true
    }
  }
}
